{
    "timestamp": "2026-01-22 12:49:18",
    "model_type": "MLPRegressor",
    "sklearn_version": "1.7.2",
    "n_samples": 1635957,
    "n_features": 151,
    "n_outputs": 3,
    "training_time_minutes": 8.31,
    "n_iterations": 25,
    "final_loss": 0.06972065592511707,
    "train_mae_global": 0.23046672344207764,
    "train_rmse_global": 0.3529662294369589,
    "train_r2_global": 0.8753493428230286
}